Variable,Importancia media,Desviación
satisfaccion_cliente,0.12577028322902814,0.02848466754014787
antiguedad_meses,0.0944274654731317,0.024200686629663182
uso_datos_gb,0.026015503426931267,0.00973431340092316
plan_contratado,0.02068945087853214,0.005932445467874154
cargo_mensual,0.016942088593418093,0.012188474947469045
num_llamadas_soporte,0.00545456945603211,0.009856118172611053
edad,0.004513072267750769,0.00798019316414448
