Métrica,Valor
Accuracy,0.7125
Precision,0.6055045871559633
Recall,0.717391304347826
F1-Score,0.6567164179104478
ROC-AUC,0.7871621621621621
