,precision,recall,f1-score,support
No abandona,0.8015267175572519,0.7094594594594594,0.7526881720430108,148.0
Abandona,0.6055045871559633,0.717391304347826,0.6567164179104478,92.0
accuracy,0.7125,0.7125,0.7125,0.7125
macro avg,0.7035156523566076,0.7134253819036427,0.7047022949767292,240.0
weighted avg,0.7263849009034246,0.7125,0.7158989996255283,240.0
